{
    "index": {
        "sample": "elicit_kg", 
        "full": "elicit_kg_deployed", 
        "version": 0
    }, 
    "image_prefix": "", 
    "pinpoint": {
        "custom_field_mappings": {
            "owl:Thing": [
                "content_extraction.title.text"
            ]
        }, 
        "subproperty_relationships": {
            "owl:Thing": {
                "title": {}
            }
        }
    }, 
    "glossaries": {
        "regions": {
            "path": "regions.json.gz", 
            "entry_count": 37, 
            "ngram_distribution": {
                "1": 10, 
                "2": 25, 
                "5": 1, 
                "4": 1
            }
        }, 
        "acled_event_types": {
            "path": "acled_event_types.json.gz", 
            "entry_count": 52, 
            "ngram_distribution": {
                "1": 1, 
                "3": 23, 
                "2": 4, 
                "5": 3, 
                "4": 21
            }
        }, 
        "countries": {
            "path": "countries.json.gz", 
            "entry_count": 256, 
            "ngram_distribution": {
                "1": 184, 
                "3": 13, 
                "2": 46, 
                "5": 5, 
                "4": 7
            }
        }, 
        "items": {
            "path": "items.json.gz", 
            "entry_count": 2, 
            "ngram_distribution": {
                "1": 2
            }
        }, 
        "data_sources": {
            "path": "data_sources.json.gz", 
            "entry_count": 8, 
            "ngram_distribution": {
                "1": 8
            }
        }, 
        "pitf_event_types": {
            "path": "pitf_event_types.json.gz", 
            "entry_count": 44, 
            "ngram_distribution": {
                "1": 20, 
                "3": 10, 
                "2": 14
            }
        }, 
        "states_usa_canada": {
            "path": "states_usa_canada.json.gz", 
            "entry_count": 63, 
            "ngram_distribution": {
                "1": 47, 
                "3": 2, 
                "2": 14
            }
        }, 
        "cities": {
            "path": "cities.json.gz", 
            "entry_count": 13156, 
            "ngram_distribution": {
                "1": 11333, 
                "3": 229, 
                "2": 1485, 
                "5": 15, 
                "4": 93
            }
        }, 
        "privacyrights_types": {
            "path": "privacyrights_types.json.gz", 
            "entry_count": 7, 
            "ngram_distribution": {
                "1": 7
            }
        }, 
        "states_usa_codes": {
            "path": "states_usa_codes.json.gz", 
            "entry_count": 59, 
            "ngram_distribution": {
                "1": 59
            }
        }
    }, 
    "tags": {
        "United States": {
            "description": "", 
            "screen_label": "United States", 
            "positive_class_precision": 0.0, 
            "negative_class_precision": 0.0, 
            "include_in_menu": false, 
            "name": "United States"
        }, 
        "Australia": {
            "description": "", 
            "screen_label": "Australia", 
            "positive_class_precision": 0.0, 
            "negative_class_precision": 0.0, 
            "include_in_menu": false, 
            "name": "Australia"
        }, 
        "France": {
            "description": "", 
            "screen_label": "France", 
            "positive_class_precision": 0.0, 
            "negative_class_precision": 0.0, 
            "include_in_menu": false, 
            "name": "France"
        }, 
        "risky service": {
            "description": "", 
            "screen_label": "risky service", 
            "positive_class_precision": 0.0, 
            "negative_class_precision": 0.0, 
            "include_in_menu": false, 
            "name": "risky service"
        }, 
        "movement": {
            "description": "", 
            "screen_label": "movement", 
            "positive_class_precision": 0.0, 
            "negative_class_precision": 0.0, 
            "include_in_menu": false, 
            "name": "movement"
        }
    }, 
    "table_attributes": {},
    "fields": {
        "developer": {
            "type": "string"
        },
        "causeex_class": {
            "color": "amber",
            "show_in_search": false,
            "screen_label": "CauseEx Class",
            "combine_fields": false,
            "number_of_rules": 0,
            "glossaries": [],
            "use_in_network_search": false,
            "case_sensitive": false,
            "show_as_link": "entity",
            "blacklists": [],
            "show_in_result": "header",
            "type": "string",
            "description": "The CauseEx class to use for an event",
            "rule_extractor_enabled": false,
            "search_importance": 1,
            "group_name": "",
            "show_in_facets": false,
            "icon": "icons:default",
            "predefined_extractor": "none",
            "name": "causeex_class",
            "screen_label_plural": "CauseEx Classes",
            "rule_extraction_target": "title_and_description"
        },
        "answer_option": {
            "color": "amber",
            "show_in_search": false,
            "screen_label": "Option",
            "combine_fields": false,
            "number_of_rules": 0,
            "glossaries": [],
            "use_in_network_search": false,
            "case_sensitive": false,
            "show_as_link": "text",
            "blacklists": [],
            "show_in_result": "no",
            "type": "kg_id",
            "description": "An answer option for an IFP question",
            "rule_extractor_enabled": false,
            "search_importance": 1,
            "group_name": "",
            "show_in_facets": false,
            "icon": "icons:menu",
            "predefined_extractor": "none",
            "name": "answer_option",
            "screen_label_plural": "Options",
            "rule_extraction_target": "title_and_description"
        },
        "country_code": {
            "color": "amber",
            "show_in_search": false,
            "screen_label": "country_code",
            "combine_fields": false,
            "number_of_rules": 0,
            "glossaries": [],
            "use_in_network_search": false,
            "case_sensitive": false,
            "show_as_link": "text",
            "blacklists": [],
            "show_in_result": "header",
            "type": "string",
            "description": "",
            "rule_extractor_enabled": false,
            "search_importance": 1,
            "group_name": "",
            "show_in_facets": false,
            "icon": "icons:default",
            "predefined_extractor": "none",
            "name": "country_code",
            "screen_label_plural": "country_code",
            "rule_extraction_target": "title_and_description"
        },
        "reference": {
            "color": "amber",
            "show_in_search": false,
            "screen_label": "Reference",
            "combine_fields": false,
            "number_of_rules": 0,
            "glossaries": [],
            "use_in_network_search": false,
            "case_sensitive": false,
            "show_as_link": "text",
            "blacklists": [],
            "show_in_result": "header",
            "type": "string",
            "description": "",
            "rule_extractor_enabled": false,
            "search_importance": 1,
            "group_name": "all",
            "show_in_facets": false,
            "icon": "icons:menu",
            "predefined_extractor": "none",
            "name": "reference",
            "screen_label_plural": "References",
            "rule_extraction_target": "title_and_description"
        },
        "item": {
            "color": "brown",
            "show_in_search": false,
            "screen_label": "Item",
            "combine_fields": false,
            "number_of_rules": 0,
            "glossaries": [],
            "use_in_network_search": false,
            "case_sensitive": false,
            "show_as_link": "entity",
            "blacklists": [],
            "show_in_result": "header",
            "type": "string",
            "description": "Used primarily to specify the item being priced in a Price event",
            "rule_extractor_enabled": false,
            "search_importance": 1,
            "group_name": "",
            "show_in_facets": false,
            "icon": "icons:extension",
            "predefined_extractor": "none",
            "name": "item",
            "screen_label_plural": "Items",
            "rule_extraction_target": "title_and_description"
        },
        "citation": {
            "color": "amber",
            "show_in_search": false,
            "screen_label": "Citation",
            "combine_fields": false,
            "number_of_rules": 0,
            "glossaries": [],
            "use_in_network_search": false,
            "case_sensitive": false,
            "show_as_link": "text",
            "blacklists": [],
            "show_in_result": "detail",
            "type": "kg_id",
            "description": "",
            "rule_extractor_enabled": false,
            "search_importance": 1,
            "group_name": "all",
            "show_in_facets": false,
            "icon": "icons:default",
            "predefined_extractor": "none",
            "name": "citation",
            "screen_label_plural": "Citations",
            "rule_extraction_target": "title_and_description"
        },
        "creation_date": {
            "color": "light-blue",
            "show_in_search": false,
            "screen_label": "Date (creation)",
            "combine_fields": false,
            "number_of_rules": 0,
            "glossaries": [],
            "use_in_network_search": false,
            "case_sensitive": false,
            "show_as_link": "text",
            "blacklists": [],
            "show_in_result": "header",
            "type": "date",
            "description": "The date when something was created.",
            "rule_extractor_enabled": false,
            "search_importance": 1,
            "group_name": "",
            "show_in_facets": false,
            "icon": "icons:date-range",
            "predefined_extractor": "none",
            "name": "creation_date",
            "screen_label_plural": "Date (creation)",
            "rule_extraction_target": "title_and_description"
        },
        "provenance_filename": {
            "color": "amber",
            "show_in_search": false,
            "screen_label": "Filename",
            "combine_fields": false,
            "number_of_rules": 0,
            "glossaries": [],
            "use_in_network_search": false,
            "case_sensitive": false,
            "show_as_link": "entity",
            "blacklists": [],
            "show_in_result": "header",
            "type": "string",
            "description": "Hack field, as this should go in the ETK provenance, but can't get it there",
            "rule_extractor_enabled": false,
            "search_importance": 1,
            "group_name": "",
            "show_in_facets": true,
            "icon": "editor:insert-drive-file",
            "predefined_extractor": "none",
            "name": "provenance_filename",
            "screen_label_plural": "Filenames",
            "rule_extraction_target": "title_and_description"
        },
        "fatalities": {
            "color": "amber",
            "show_in_search": false,
            "screen_label": "fatalities",
            "combine_fields": false,
            "number_of_rules": 0,
            "glossaries": [],
            "use_in_network_search": false,
            "case_sensitive": false,
            "show_as_link": "text",
            "blacklists": [],
            "show_in_result": "nested",
            "type": "kg_id",
            "description": "",
            "rule_extractor_enabled": false,
            "search_importance": 1,
            "group_name": "",
            "show_in_facets": false,
            "icon": "icons:default",
            "predefined_extractor": "none",
            "name": "fatalities",
            "screen_label_plural": "fatalities",
            "rule_extraction_target": "title_and_description"
        },
        "damage__size": {
            "color": "amber",
            "show_in_search": false,
            "screen_label": "damage__size",
            "combine_fields": false,
            "number_of_rules": 0,
            "glossaries": [],
            "use_in_network_search": false,
            "case_sensitive": false,
            "show_as_link": "text",
            "blacklists": [],
            "show_in_result": "no",
            "type": "number",
            "description": "Hidden field for the queries",
            "rule_extractor_enabled": false,
            "search_importance": 1,
            "group_name": "",
            "show_in_facets": false,
            "icon": "icons:default",
            "predefined_extractor": "none",
            "name": "damage__size",
            "screen_label_plural": "damage__size",
            "rule_extraction_target": "title_and_description"
        },
        "victim": {
            "color": "deep-orange",
            "show_in_search": false,
            "screen_label": "Victim",
            "combine_fields": false,
            "number_of_rules": 0,
            "glossaries": [],
            "use_in_network_search": false,
            "case_sensitive": false,
            "show_as_link": "text",
            "blacklists": [],
            "show_in_result": "nested",
            "type": "kg_id",
            "description": "The entities affected by an event, they can be people, organizations, facilities, pretty much anything that suffers the consequences of an event.",
            "rule_extractor_enabled": false,
            "search_importance": 1,
            "group_name": "all",
            "show_in_facets": false,
            "icon": "maps:local-play",
            "predefined_extractor": "none",
            "name": "victim",
            "screen_label_plural": "Victims",
            "rule_extraction_target": "title_and_description"
        },
        "measure": {
            "color": "amber",
            "show_in_search": false,
            "screen_label": "Measure (Time Series)",
            "combine_fields": false,
            "number_of_rules": 0,
            "glossaries": [],
            "use_in_network_search": false,
            "case_sensitive": false,
            "show_as_link": "text",
            "blacklists": [],
            "show_in_result": "nested",
            "type": "kg_id",
            "description": "The link from a Measurement to a Measure, used to connect the points in a time series to the time series object. Not meant to be shown to end-users.",
            "rule_extractor_enabled": false,
            "search_importance": 1,
            "group_name": "",
            "show_in_facets": false,
            "icon": "icons:default",
            "predefined_extractor": "none",
            "name": "measure",
            "screen_label_plural": "Measures (Time Series)",
            "rule_extraction_target": "title_and_description"
        },
        "disbursement": {
            "color": "amber",
            "show_in_search": false,
            "screen_label": "Disbursement",
            "combine_fields": false,
            "number_of_rules": 0,
            "glossaries": [],
            "use_in_network_search": false,
            "case_sensitive": false,
            "show_as_link": "text",
            "blacklists": [],
            "show_in_result": "nested",
            "type": "kg_id",
            "description": "Funds spent on something",
            "rule_extractor_enabled": false,
            "search_importance": 1,
            "group_name": "",
            "show_in_facets": false,
            "icon": "icons:default",
            "predefined_extractor": "none",
            "name": "disbursement",
            "screen_label_plural": "Disbursements",
            "rule_extraction_target": "title_and_description"
        },
        "modality": {
            "color": "amber",
            "show_in_search": false,
            "screen_label": "Modality",
            "combine_fields": false,
            "number_of_rules": 0,
            "glossaries": [],
            "use_in_network_search": false,
            "case_sensitive": false,
            "show_as_link": "entity",
            "blacklists": [],
            "show_in_result": "header",
            "type": "string",
            "description": "Modifies the type of an object, such as the type of an event. Use it to specify things such as an event being desired or planned.",
            "rule_extractor_enabled": false,
            "search_importance": 1,
            "group_name": "",
            "show_in_facets": false,
            "icon": "icons:help-outline",
            "predefined_extractor": "none",
            "name": "modality",
            "screen_label_plural": "Modalities",
            "rule_extraction_target": "title_and_description"
        },
        "size": {
            "color": "grey",
            "show_in_search": false,
            "screen_label": "Size",
            "combine_fields": false,
            "number_of_rules": 0,
            "glossaries": [],
            "use_in_network_search": false,
            "case_sensitive": false,
            "show_as_link": "text",
            "blacklists": [],
            "show_in_result": "header",
            "type": "number",
            "description": "The size of something, applies in many contexts; the number of elements in a group or set; a default way to measure an object. In some cases it may be necessary to use more specific fields, but if the object has a primary way of being sized, store the value in this field.",
            "rule_extractor_enabled": false,
            "search_importance": 1,
            "group_name": "all",
            "show_in_facets": false,
            "icon": "editor:space-bar",
            "predefined_extractor": "none",
            "name": "size",
            "screen_label_plural": "Size",
            "rule_extraction_target": "title_and_description"
        },
        "city": {
            "color": "pink",
            "rule_extraction_target": "title_and_description",
            "screen_label": "City",
            "combine_fields": false,
            "number_of_rules": 0,
            "field_order": 10,
            "glossaries": [],
            "use_in_network_search": false,
            "case_sensitive": false,
            "show_as_link": "entity",
            "blacklists": [],
            "show_in_result": "header",
            "type": "location",
            "description": "Cities in geonames. NEVER assign values to this field in an extractor as DIG uses it internally to store the results of its entity resolution algorithm.",
            "rule_extractor_enabled": false,
            "search_importance": 10,
            "group_name": "Location",
            "show_in_facets": true,
            "icon": "maps:place",
            "predefined_extractor": "none",
            "name": "city",
            "screen_label_plural": "Cities",
            "show_in_search": true,
            "group_order": 30
        },
        "unit_of_measure": {
            "color": "deep-orange",
            "show_in_search": false,
            "screen_label": "Unit",
            "combine_fields": false,
            "number_of_rules": 0,
            "glossaries": [],
            "use_in_network_search": false,
            "case_sensitive": false,
            "show_as_link": "entity",
            "blacklists": [],
            "show_in_result": "header",
            "type": "string",
            "description": "The unit of measure of some item",
            "rule_extractor_enabled": false,
            "search_importance": 1,
            "group_name": "",
            "show_in_facets": false,
            "icon": "icons:unfold-less",
            "predefined_extractor": "none",
            "name": "unit_of_measure",
            "screen_label_plural": "Units",
            "rule_extraction_target": "title_and_description"
        },
        "title": {
            "color": "amber",
            "rule_extraction_target": "title_and_description",
            "screen_label": "Title",
            "combine_fields": false,
            "number_of_rules": 0,
            "field_order": 10,
            "glossaries": [],
            "use_in_network_search": false,
            "case_sensitive": false,
            "show_as_link": "text",
            "blacklists": [],
            "show_in_result": "title",
            "type": "string",
            "description": "The title of a page",
            "rule_extractor_enabled": false,
            "search_importance": 3,
            "group_name": "Page",
            "show_in_facets": false,
            "icon": "icons:view-stream",
            "predefined_extractor": "none",
            "name": "title",
            "screen_label_plural": "Titles",
            "show_in_search": true,
            "group_order": 10
        },
        "actor__size": {
            "color": "amber",
            "show_in_search": false,
            "screen_label": "actor__size",
            "combine_fields": false,
            "number_of_rules": 0,
            "glossaries": [],
            "use_in_network_search": false,
            "case_sensitive": false,
            "show_as_link": "text",
            "blacklists": [],
            "show_in_result": "no",
            "type": "number",
            "description": "Hidden field to support queries",
            "rule_extractor_enabled": false,
            "search_importance": 1,
            "group_name": "",
            "show_in_facets": false,
            "icon": "icons:default",
            "predefined_extractor": "none",
            "name": "actor__size",
            "screen_label_plural": "actor__size",
            "rule_extraction_target": "title_and_description"
        },
        "interest_rate": {
            "color": "amber",
            "show_in_search": false,
            "screen_label": "Interest Rate",
            "combine_fields": false,
            "number_of_rules": 0,
            "glossaries": [],
            "use_in_network_search": false,
            "case_sensitive": false,
            "show_as_link": "text",
            "blacklists": [],
            "show_in_result": "header",
            "type": "number",
            "description": "short or long term interest rates",
            "rule_extractor_enabled": false,
            "search_importance": 1,
            "group_name": "",
            "show_in_facets": false,
            "icon": "icons:default",
            "predefined_extractor": "none",
            "name": "interest_rate",
            "screen_label_plural": "Interest Rate",
            "rule_extraction_target": "title_and_description"
        },
        "destination": {
            "color": "light-blue",
            "show_in_search": false,
            "screen_label": "Destination",
            "combine_fields": false,
            "number_of_rules": 0,
            "glossaries": [],
            "use_in_network_search": false,
            "case_sensitive": false,
            "show_as_link": "entity",
            "blacklists": [],
            "show_in_result": "header",
            "type": "string",
            "description": "The destination of a displacement event, e.g., movement of things or people. The value should be a string, such as the name of a country.",
            "rule_extractor_enabled": false,
            "search_importance": 6,
            "group_name": "",
            "show_in_facets": false,
            "icon": "icons:forward",
            "predefined_extractor": "none",
            "name": "destination",
            "screen_label_plural": "Destinations",
            "rule_extraction_target": "title_and_description"
        },
        "damage": {
            "color": "grey",
            "show_in_search": false,
            "screen_label": "Damage",
            "combine_fields": false,
            "number_of_rules": 0,
            "glossaries": [],
            "use_in_network_search": false,
            "case_sensitive": false,
            "show_as_link": "text",
            "blacklists": [],
            "show_in_result": "nested",
            "type": "kg_id",
            "description": "The damage caused by an event. The victim refers to who was affected, and the damage refers to what was a affected. If someone destroys my house, I am the victim, and the damage is the house is the damage",
            "rule_extractor_enabled": false,
            "search_importance": 1,
            "group_name": "all",
            "show_in_facets": false,
            "icon": "communication:clear-all",
            "predefined_extractor": "none",
            "name": "damage",
            "screen_label_plural": "Damage",
            "rule_extraction_target": "title_and_description"
        },
        "actor": {
            "color": "cyan",
            "show_in_search": false,
            "screen_label": "Actor",
            "combine_fields": false,
            "number_of_rules": 0,
            "field_order": 50,
            "glossaries": [],
            "use_in_network_search": false,
            "case_sensitive": false,
            "show_as_link": "text",
            "blacklists": [],
            "show_in_result": "nested",
            "type": "kg_id",
            "description": "The person or organization that caused and event",
            "rule_extractor_enabled": false,
            "search_importance": 1,
            "group_name": "Type",
            "show_in_facets": false,
            "icon": "social:group",
            "predefined_extractor": "none",
            "name": "actor",
            "screen_label_plural": "Actors",
            "rule_extraction_target": "title_and_description",
            "group_order": 20
        },
        "label": {
            "color": "light-blue",
            "show_in_search": false,
            "screen_label": "Label",
            "combine_fields": false,
            "number_of_rules": 0,
            "glossaries": [],
            "use_in_network_search": false,
            "case_sensitive": false,
            "show_as_link": "entity",
            "blacklists": [],
            "show_in_result": "header",
            "type": "string",
            "description": "A short text used to refer to an entity, e.g., the name of a person. An object can have many labels. It is fine to use one of the labels as the title.",
            "rule_extractor_enabled": false,
            "search_importance": 1,
            "group_name": "all",
            "show_in_facets": false,
            "icon": "icons:label",
            "predefined_extractor": "none",
            "name": "label",
            "screen_label_plural": "Labels",
            "rule_extraction_target": "title_and_description"
        },
        "beneficiary": {
            "color": "amber",
            "show_in_search": false,
            "screen_label": "beneficiary",
            "combine_fields": false,
            "number_of_rules": 0,
            "glossaries": [],
            "use_in_network_search": false,
            "case_sensitive": false,
            "show_as_link": "text",
            "blacklists": [],
            "show_in_result": "nested",
            "type": "kg_id",
            "description": "The group, person or organization that benefits in an event",
            "rule_extractor_enabled": false,
            "search_importance": 1,
            "group_name": "",
            "show_in_facets": false,
            "icon": "icons:default",
            "predefined_extractor": "none",
            "name": "beneficiary",
            "screen_label_plural": "beneficiary",
            "rule_extraction_target": "title_and_description"
        },
        "state": {
            "color": "teal",
            "show_in_search": false,
            "screen_label": "State",
            "combine_fields": false,
            "number_of_rules": 0,
            "glossaries": [],
            "use_in_network_search": false,
            "case_sensitive": false,
            "show_as_link": "entity",
            "blacklists": [],
            "show_in_result": "detail",
            "type": "string",
            "description": "USA and Canada states as well as provinces in other countries",
            "rule_extractor_enabled": false,
            "search_importance": 4,
            "group_name": "all",
            "show_in_facets": false,
            "icon": "icons:language",
            "predefined_extractor": "none",
            "name": "state",
            "screen_label_plural": "States",
            "rule_extraction_target": "title_and_description"
        },
        "date_mentioned_in_question": {
            "color": "light-blue",
            "show_in_search": false,
            "screen_label": "date_mentioned_in_question",
            "combine_fields": false,
            "number_of_rules": 1,
            "glossaries": [],
            "use_in_network_search": false,
            "case_sensitive": false,
            "show_as_link": "text",
            "blacklists": [],
            "show_in_result": "no",
            "type": "date",
            "description": "",
            "rule_extractor_enabled": false,
            "search_importance": 1,
            "group_name": "",
            "show_in_facets": false,
            "icon": "icons:date-range",
            "predefined_extractor": "none",
            "name": "date_mentioned_in_question",
            "screen_label_plural": "date_mentioned_in_question",
            "rule_extraction_target": "title_and_description"
        },
        "location": {
            "color": "grey",
            "show_in_search": false,
            "screen_label": "Location",
            "combine_fields": false,
            "number_of_rules": 0,
            "glossaries": [],
            "use_in_network_search": false,
            "case_sensitive": false,
            "show_as_link": "text",
            "blacklists": [],
            "show_in_result": "detail",
            "type": "string",
            "description": "A generic mention of a location, can include address, city, state, country or any subset of this information. DIG will attempt to parse this field and extract useful city, state and country values from it. When you have a messy location text, put it here.",
            "rule_extractor_enabled": false,
            "search_importance": 1,
            "group_name": "",
            "show_in_facets": false,
            "icon": "maps:add-location",
            "predefined_extractor": "none",
            "name": "location",
            "screen_label_plural": "Locations",
            "rule_extraction_target": "title_and_description"
        },
        "temporal_end_date_time": {
            "color": "amber",
            "show_in_search": false,
            "screen_label": "temporal_end_date_time",
            "combine_fields": false,
            "number_of_rules": 0,
            "glossaries": [],
            "use_in_network_search": false,
            "case_sensitive": false,
            "show_as_link": "text",
            "blacklists": [],
            "show_in_result": "header",
            "type": "string",
            "description": "",
            "rule_extractor_enabled": false,
            "search_importance": 1,
            "group_name": "",
            "show_in_facets": false,
            "icon": "icons:default",
            "predefined_extractor": "none",
            "name": "temporal_end_date_time",
            "screen_label_plural": "temporal_end_date_time",
            "rule_extraction_target": "title_and_description"
        },
        "event_date": {
            "color": "light-blue",
            "rule_extraction_target": "title_and_description",
            "screen_label": "Date",
            "combine_fields": false,
            "number_of_rules": 0,
            "field_order": 10,
            "glossaries": [],
            "use_in_network_search": false,
            "case_sensitive": false,
            "show_as_link": "text",
            "blacklists": [],
            "show_in_result": "header",
            "type": "date",
            "description": "The date when an event happened. In case both start and end are known, use event_date for the start.",
            "rule_extractor_enabled": false,
            "search_importance": 1,
            "group_name": "Date",
            "show_in_facets": false,
            "icon": "icons:date-range",
            "predefined_extractor": "none",
            "name": "event_date",
            "screen_label_plural": "Date",
            "show_in_search": true,
            "group_order": 40
        },
        "type": {
            "color": "blue-grey",
            "rule_extraction_target": "title_and_description",
            "screen_label": "Type",
            "combine_fields": false,
            "number_of_rules": 0,
            "field_order": 10,
            "glossaries": [],
            "use_in_network_search": false,
            "case_sensitive": false,
            "show_as_link": "entity",
            "blacklists": [],
            "show_in_result": "header",
            "type": "string",
            "description": "The type of an object in the KG. Include in type any string that can be used to identify a set of objects. Typically, objects will have many types as they can be placed in many different sets.",
            "rule_extractor_enabled": false,
            "search_importance": 1,
            "group_name": "Type",
            "show_in_facets": true,
            "icon": "icons:turned-in",
            "predefined_extractor": "none",
            "name": "type",
            "screen_label_plural": "Types",
            "show_in_search": true,
            "group_order": 20
        },
        "email": {
            "color": "blue",
            "show_in_search": false,
            "screen_label": "Email",
            "combine_fields": false,
            "number_of_rules": 0,
            "glossaries": [],
            "use_in_network_search": false,
            "case_sensitive": false,
            "show_as_link": "entity",
            "blacklists": [],
            "show_in_result": "header",
            "type": "email",
            "description": "Email addresses mentioned in the page",
            "rule_extractor_enabled": false,
            "search_importance": 10,
            "group_name": "",
            "show_in_facets": false,
            "icon": "communication:mail-outline",
            "predefined_extractor": "email",
            "name": "email",
            "screen_label_plural": "Emails",
            "rule_extraction_target": "title_and_description"
        },
        "temporal_start_date_time": {
            "color": "amber",
            "show_in_search": false,
            "screen_label": "temporal_start_date_time",
            "combine_fields": false,
            "number_of_rules": 0,
            "glossaries": [],
            "use_in_network_search": false,
            "case_sensitive": false,
            "show_as_link": "text",
            "blacklists": [],
            "show_in_result": "header",
            "type": "string",
            "description": "",
            "rule_extractor_enabled": false,
            "search_importance": 1,
            "group_name": "",
            "show_in_facets": false,
            "icon": "icons:default",
            "predefined_extractor": "none",
            "name": "temporal_start_date_time",
            "screen_label_plural": "temporal_start_date_time",
            "rule_extraction_target": "title_and_description"
        },
        "participant": {
            "color": "amber",
            "show_in_search": false,
            "screen_label": "Participant",
            "combine_fields": false,
            "number_of_rules": 0,
            "glossaries": [],
            "use_in_network_search": false,
            "case_sensitive": false,
            "show_as_link": "text",
            "blacklists": [],
            "show_in_result": "nested",
            "type": "kg_id",
            "description": "A group, organization or person who participated in an event, but the role is not specified, e.g., don't know of it was an actor or victim",
            "rule_extractor_enabled": false,
            "search_importance": 1,
            "group_name": "",
            "show_in_facets": false,
            "icon": "maps:streetview",
            "predefined_extractor": "none",
            "name": "participant",
            "screen_label_plural": "Participants",
            "rule_extraction_target": "title_and_description"
        },
        "website": {
            "color": "light-green",
            "rule_extraction_target": "title_and_description",
            "screen_label": "Website",
            "combine_fields": false,
            "number_of_rules": 0,
            "field_order": 20,
            "glossaries": [],
            "use_in_network_search": false,
            "case_sensitive": false,
            "show_as_link": "entity",
            "blacklists": [],
            "show_in_result": "header",
            "type": "string",
            "description": "The website that published the information",
            "rule_extractor_enabled": false,
            "search_importance": 2,
            "group_name": "Page",
            "show_in_facets": true,
            "icon": "hardware:cast",
            "predefined_extractor": "TLD",
            "name": "website",
            "screen_label_plural": "Website",
            "show_in_search": true,
            "group_order": 10
        },
        "description": {
            "color": "cyan",
            "show_in_search": false,
            "screen_label": "Description",
            "combine_fields": false,
            "number_of_rules": 0,
            "glossaries": [],
            "use_in_network_search": false,
            "case_sensitive": false,
            "show_as_link": "text",
            "blacklists": [],
            "show_in_result": "description",
            "type": "string",
            "description": "A detailed description of an object, typically much longer than the title",
            "rule_extractor_enabled": false,
            "search_importance": 1,
            "group_name": "",
            "show_in_facets": false,
            "icon": "editor:format-align-left",
            "predefined_extractor": "none",
            "name": "description",
            "screen_label_plural": "Descriptions",
            "rule_extraction_target": "title_and_description"
        },
        "trend_description": {
            "color": "amber",
            "show_in_search": false,
            "screen_label": "trend_description",
            "combine_fields": false,
            "number_of_rules": 0,
            "glossaries": [],
            "use_in_network_search": false,
            "case_sensitive": false,
            "show_as_link": "text",
            "blacklists": [],
            "show_in_result": "header",
            "type": "string",
            "description": "",
            "rule_extractor_enabled": false,
            "search_importance": 1,
            "group_name": "",
            "show_in_facets": false,
            "icon": "icons:default",
            "predefined_extractor": "none",
            "name": "trend_description",
            "screen_label_plural": "trend_description",
            "rule_extraction_target": "title_and_description"
        },
        "event_date_end": {
            "color": "light-blue",
            "show_in_search": false,
            "screen_label": "Date (end)",
            "combine_fields": false,
            "number_of_rules": 0,
            "glossaries": [],
            "use_in_network_search": false,
            "case_sensitive": false,
            "show_as_link": "text",
            "blacklists": [],
            "show_in_result": "header",
            "type": "date",
            "description": "The date when an event ended",
            "rule_extractor_enabled": false,
            "search_importance": 1,
            "group_name": "",
            "show_in_facets": false,
            "icon": "icons:date-range",
            "predefined_extractor": "none",
            "name": "event_date_end",
            "screen_label_plural": "Date (end)",
            "rule_extraction_target": "title_and_description"
        },
        "provenance_row": {
            "color": "amber",
            "show_in_search": false,
            "screen_label": "Row",
            "combine_fields": false,
            "number_of_rules": 0,
            "glossaries": [],
            "use_in_network_search": false,
            "case_sensitive": false,
            "show_as_link": "text",
            "blacklists": [],
            "show_in_result": "header",
            "type": "string",
            "description": "Temporary model for provenance to record row identifiers ",
            "rule_extractor_enabled": false,
            "search_importance": 1,
            "group_name": "",
            "show_in_facets": false,
            "icon": "editor:border-horizontal",
            "predefined_extractor": "none",
            "name": "provenance_row",
            "screen_label_plural": "Rows",
            "rule_extraction_target": "title_and_description"
        },
        "phone": {
            "color": "amber",
            "show_in_search": false,
            "screen_label": "Phone",
            "combine_fields": false,
            "number_of_rules": 49,
            "glossaries": [],
            "use_in_network_search": false,
            "case_sensitive": false,
            "show_as_link": "entity",
            "blacklists": [],
            "show_in_result": "no",
            "type": "phone",
            "description": "Phone numbers mentioned in the page",
            "rule_extractor_enabled": true,
            "search_importance": 10,
            "group_name": "",
            "show_in_facets": false,
            "icon": "communication:call",
            "predefined_extractor": "none",
            "name": "phone",
            "screen_label_plural": "Phones",
            "rule_extraction_target": "title_and_description"
        },
        "stock_ticker": {
            "color": "red",
            "show_in_search": false,
            "screen_label": "Stock",
            "combine_fields": false,
            "number_of_rules": 42,
            "glossaries": [],
            "use_in_network_search": false,
            "case_sensitive": false,
            "show_as_link": "entity",
            "blacklists": [],
            "show_in_result": "no",
            "type": "string",
            "description": "Stock tickers mentioned in the page",
            "rule_extractor_enabled": false,
            "search_importance": 9,
            "group_name": "",
            "show_in_facets": false,
            "icon": "icons:timeline",
            "predefined_extractor": "none",
            "name": "stock_ticker",
            "screen_label_plural": "Stocks",
            "rule_extraction_target": "title_and_description"
        },
        "address": {
            "color": "indigo",
            "show_in_search": false,
            "screen_label": "Address",
            "combine_fields": false,
            "number_of_rules": 0,
            "glossaries": [],
            "use_in_network_search": false,
            "case_sensitive": false,
            "show_as_link": "text",
            "blacklists": [],
            "show_in_result": "no",
            "type": "string",
            "description": "Addresses mentioned in the page",
            "rule_extractor_enabled": false,
            "search_importance": 1,
            "group_name": "",
            "show_in_facets": false,
            "icon": "icons:account-balance",
            "predefined_extractor": "address",
            "name": "address",
            "screen_label_plural": "Addresses",
            "rule_extraction_target": "title_and_description"
        },
        "city_name": {
            "color": "brown",
            "show_in_search": false,
            "screen_label": "City Name",
            "combine_fields": false,
            "number_of_rules": 0,
            "glossaries": [],
            "use_in_network_search": false,
            "case_sensitive": false,
            "show_as_link": "text",
            "blacklists": [],
            "show_in_result": "no",
            "type": "string",
            "description": "City names mentioned in the page. When you have a value that contains a city name, but is not a city name, put it in the location field, and DIG will extract the city name from it.",
            "rule_extractor_enabled": false,
            "search_importance": 1,
            "group_name": "",
            "show_in_facets": false,
            "icon": "maps:place",
            "predefined_extractor": "none",
            "name": "city_name",
            "screen_label_plural": "City Names",
            "rule_extraction_target": "title_and_description"
        },
        "publication_date": {
            "color": "light-blue",
            "show_in_search": false,
            "screen_label": "Date (publication)",
            "combine_fields": false,
            "number_of_rules": 0,
            "glossaries": [],
            "use_in_network_search": false,
            "case_sensitive": false,
            "show_as_link": "text",
            "blacklists": [],
            "show_in_result": "header",
            "type": "date",
            "description": "The date when something was published",
            "rule_extractor_enabled": false,
            "search_importance": 1,
            "group_name": "",
            "show_in_facets": false,
            "icon": "icons:date-range",
            "predefined_extractor": "none",
            "name": "publication_date",
            "screen_label_plural": "Date (publication)",
            "rule_extraction_target": "title_and_description"
        },
        "nationality": {
            "color": "light-blue",
            "show_in_search": false,
            "screen_label": "Nationality",
            "combine_fields": false,
            "number_of_rules": 0,
            "glossaries": [],
            "use_in_network_search": false,
            "case_sensitive": false,
            "show_as_link": "entity",
            "blacklists": [],
            "show_in_result": "detail",
            "type": "string",
            "description": "The nationality of a group, organization, facility, etc. Best to list it as a country, i.e., Colombia rather than Colombian",
            "rule_extractor_enabled": false,
            "search_importance": 6,
            "group_name": "",
            "show_in_facets": false,
            "icon": "icons:language",
            "predefined_extractor": "none",
            "name": "nationality",
            "screen_label_plural": "Nationalities",
            "rule_extraction_target": "title_and_description"
        },
        "provenance_col": {
            "color": "amber",
            "show_in_search": false,
            "screen_label": "Column",
            "combine_fields": false,
            "number_of_rules": 0,
            "glossaries": [],
            "use_in_network_search": false,
            "case_sensitive": false,
            "show_as_link": "text",
            "blacklists": [],
            "show_in_result": "header",
            "type": "string",
            "description": "",
            "rule_extractor_enabled": false,
            "search_importance": 1,
            "group_name": "",
            "show_in_facets": false,
            "icon": "editor:border-vertical",
            "predefined_extractor": "none",
            "name": "provenance_col",
            "screen_label_plural": "Columns",
            "rule_extraction_target": "title_and_description"
        },
        "provenance_sheet": {
            "color": "amber",
            "show_in_search": false,
            "screen_label": "Sheet",
            "combine_fields": false,
            "number_of_rules": 0,
            "glossaries": [],
            "use_in_network_search": false,
            "case_sensitive": false,
            "show_as_link": "text",
            "blacklists": [],
            "show_in_result": "header",
            "type": "string",
            "description": "Temporary model for provenance to record sheet names ",
            "rule_extractor_enabled": false,
            "search_importance": 1,
            "group_name": "",
            "show_in_facets": false,
            "icon": "editor:border-outer",
            "predefined_extractor": "none",
            "name": "provenance_sheet",
            "screen_label_plural": "Sheets",
            "rule_extraction_target": "title_and_description"
        },
        "resolution_date": {
            "color": "light-blue",
            "show_in_search": false,
            "screen_label": "Date (resolution)",
            "combine_fields": false,
            "number_of_rules": 0,
            "glossaries": [],
            "use_in_network_search": false,
            "case_sensitive": false,
            "show_as_link": "text",
            "blacklists": [],
            "show_in_result": "no",
            "type": "date",
            "description": "The date when a situation gets resolved",
            "rule_extractor_enabled": false,
            "search_importance": 1,
            "group_name": "",
            "show_in_facets": false,
            "icon": "icons:date-range",
            "predefined_extractor": "none",
            "name": "resolution_date",
            "screen_label_plural": "Date (resolution)",
            "rule_extraction_target": "title_and_description"
        },
        "fatalities__size": {
            "color": "amber",
            "show_in_search": false,
            "screen_label": "fatalities__size",
            "combine_fields": false,
            "number_of_rules": 0,
            "glossaries": [],
            "use_in_network_search": false,
            "case_sensitive": false,
            "show_as_link": "text",
            "blacklists": [],
            "show_in_result": "no",
            "type": "number",
            "description": "Hidden field for the queries",
            "rule_extractor_enabled": false,
            "search_importance": 1,
            "group_name": "",
            "show_in_facets": false,
            "icon": "icons:default",
            "predefined_extractor": "none",
            "name": "fatalities__size",
            "screen_label_plural": "fatalities__size",
            "rule_extraction_target": "title_and_description"
        },
        "currrency": {
            "color": "light-blue",
            "show_in_search": false,
            "screen_label": "Currency",
            "combine_fields": false,
            "number_of_rules": 0,
            "glossaries": [],
            "use_in_network_search": false,
            "case_sensitive": false,
            "show_as_link": "text",
            "blacklists": [],
            "show_in_result": "header",
            "type": "string",
            "description": "Specifies the currency for a price, e.g., usd. Use the standard notation in lower case.",
            "rule_extractor_enabled": false,
            "search_importance": 1,
            "group_name": "",
            "show_in_facets": false,
            "icon": "editor:short-text",
            "predefined_extractor": "none",
            "name": "currrency",
            "screen_label_plural": "Currencies",
            "rule_extraction_target": "title_and_description"
        },
        "price_usd": {
            "color": "light-green",
            "show_in_search": false,
            "screen_label": "Price (USD)",
            "combine_fields": false,
            "number_of_rules": 0,
            "glossaries": [],
            "use_in_network_search": false,
            "case_sensitive": false,
            "show_as_link": "text",
            "blacklists": [],
            "show_in_result": "header",
            "type": "number",
            "description": "the price of something in US dollars",
            "rule_extractor_enabled": false,
            "search_importance": 1,
            "group_name": "",
            "show_in_facets": false,
            "icon": "editor:attach-money",
            "predefined_extractor": "none",
            "name": "price_usd",
            "screen_label_plural": "Prices (USD)",
            "rule_extraction_target": "title_and_description"
        },
        "target": {
            "color": "amber",
            "show_in_search": false,
            "screen_label": "target",
            "combine_fields": false,
            "number_of_rules": 0,
            "glossaries": [],
            "use_in_network_search": false,
            "case_sensitive": false,
            "show_as_link": "text",
            "blacklists": [],
            "show_in_result": "nested",
            "type": "kg_id",
            "description": "The target of a violent event",
            "rule_extractor_enabled": false,
            "search_importance": 1,
            "group_name": "",
            "show_in_facets": false,
            "icon": "icons:default",
            "predefined_extractor": "none",
            "name": "target",
            "screen_label_plural": "target",
            "rule_extraction_target": "title_and_description"
        },
        "country": {
            "color": "indigo",
            "show_in_search": true,
            "screen_label": "Country",
            "combine_fields": false,
            "number_of_rules": 0,
            "field_order": 20,
            "glossaries": [],
            "use_in_network_search": false,
            "case_sensitive": false,
            "show_as_link": "entity",
            "blacklists": [],
            "show_in_result": "header",
            "type": "string",
            "description": "Countries mentioned in the page",
            "rule_extractor_enabled": false,
            "search_importance": 5,
            "group_name": "Location",
            "show_in_facets": true,
            "icon": "icons:language",
            "predefined_extractor": "none",
            "name": "country",
            "screen_label_plural": "Countries",
            "rule_extraction_target": "title_and_description",
            "group_order": 30
        },
        "region": {
            "color": "indigo",
            "show_in_search": false,
            "screen_label": "Region",
            "combine_fields": false,
            "number_of_rules": 0,
            "glossaries": [
                "regions"
            ],
            "use_in_network_search": false,
            "case_sensitive": false,
            "show_as_link": "text",
            "blacklists": [],
            "show_in_result": "detail",
            "type": "string",
            "description": "Regions of the world, e.g., middle east",
            "rule_extractor_enabled": false,
            "search_importance": 1,
            "group_name": "",
            "show_in_facets": false,
            "icon": "icons:language",
            "predefined_extractor": "none",
            "name": "region",
            "screen_label_plural": "Regions",
            "rule_extraction_target": "title_and_description"
        },
        "value": {
            "color": "orange",
            "show_in_search": false,
            "screen_label": "Value",
            "combine_fields": false,
            "number_of_rules": 0,
            "glossaries": [],
            "use_in_network_search": false,
            "case_sensitive": false,
            "show_as_link": "text",
            "blacklists": [],
            "show_in_result": "header",
            "type": "number",
            "description": "Used to hold the value of a Measurement (point in a time series), when this value is a number. When the value is not a number, it is stored as a label. The scope of this field may be extended to cover other situations when we need to store numbers.",
            "rule_extractor_enabled": false,
            "search_importance": 1,
            "group_name": "",
            "show_in_facets": false,
            "icon": "icons:last-page",
            "predefined_extractor": "none",
            "name": "value",
            "screen_label_plural": "Values",
            "rule_extraction_target": "title_and_description"
        },
        "states_usa_codes": {
            "color": "teal",
            "show_in_search": false,
            "screen_label": "USA state code",
            "combine_fields": false,
            "number_of_rules": 0,
            "glossaries": [],
            "use_in_network_search": false,
            "case_sensitive": false,
            "show_as_link": "text",
            "blacklists": [],
            "show_in_result": "no",
            "type": "string",
            "description": "USA state codes mentioned in the page",
            "rule_extractor_enabled": false,
            "search_importance": 3,
            "group_name": "",
            "show_in_facets": false,
            "icon": "icons:language",
            "predefined_extractor": "none",
            "name": "states_usa_codes",
            "screen_label_plural": "USA state codes",
            "rule_extraction_target": "title_and_description"
        },
        "victim__size": {
            "color": "amber",
            "show_in_search": false,
            "screen_label": "victim__size",
            "combine_fields": false,
            "number_of_rules": 0,
            "glossaries": [],
            "use_in_network_search": false,
            "case_sensitive": false,
            "show_as_link": "text",
            "blacklists": [],
            "show_in_result": "no",
            "type": "number",
            "description": "Hidden field for the queries",
            "rule_extractor_enabled": false,
            "search_importance": 1,
            "group_name": "",
            "show_in_facets": false,
            "icon": "icons:default",
            "predefined_extractor": "none",
            "name": "victim__size",
            "screen_label_plural": "victim__size",
            "rule_extraction_target": "title_and_description"
        },
        "magnitude": {
            "color": "amber",
            "show_in_search": false,
            "screen_label": "Magnitude",
            "combine_fields": false,
            "number_of_rules": 0,
            "glossaries": [],
            "use_in_network_search": false,
            "case_sensitive": false,
            "show_as_link": "text",
            "blacklists": [],
            "show_in_result": "header",
            "type": "number",
            "description": "magnitude of an earthquake",
            "rule_extractor_enabled": false,
            "search_importance": 1,
            "group_name": "",
            "show_in_facets": false,
            "icon": "icons:default",
            "predefined_extractor": "none",
            "name": "magnitude",
            "screen_label_plural": "Magnitude",
            "rule_extraction_target": "title_and_description"
        },
        "identifier": {
            "color": "lime",
            "show_in_search": false,
            "screen_label": "Identifier",
            "combine_fields": false,
            "number_of_rules": 0,
            "glossaries": [],
            "use_in_network_search": false,
            "case_sensitive": false,
            "show_as_link": "text",
            "blacklists": [],
            "show_in_result": "header",
            "type": "string",
            "description": "An identifier for an object; there can be many identifiers",
            "rule_extractor_enabled": false,
            "search_importance": 1,
            "group_name": "",
            "show_in_facets": false,
            "icon": "icons:bookmark-border",
            "predefined_extractor": "none",
            "name": "identifier",
            "screen_label_plural": "Identifiers",
            "rule_extraction_target": "title_and_description"
        },
        "cause": {
            "color": "amber",
            "show_in_search": false,
            "screen_label": "cause",
            "combine_fields": false,
            "number_of_rules": 0,
            "glossaries": [],
            "use_in_network_search": false,
            "case_sensitive": false,
            "show_as_link": "text",
            "blacklists": [],
            "show_in_result": "header",
            "type": "string",
            "description": "A cause of an event",
            "rule_extractor_enabled": false,
            "search_importance": 1,
            "group_name": "",
            "show_in_facets": false,
            "icon": "icons:default",
            "predefined_extractor": "none",
            "name": "cause",
            "screen_label_plural": "cause",
            "rule_extraction_target": "title_and_description"
        }
    },
    "root_name": "ads", 
    "glossary_dicts": {
        "state_to_country": {
            "path": "state_country_dict.json"
        }, 
        "geonames": {
            "path": "city_dict_alt_15000.json"
        }, 
        "countries": {
            "path": "countries.json.gz"
        }, 
        "populated_cities": {
            "path": "populated_cities.json"
        }, 
        "country_code": {
            "path": "country_codes_dict.json"
        }, 
        "states_usa_canada": {
            "path": "states_usa_canada.json.gz"
        }, 
        "cities": {
            "path": "cities.json.gz"
        }, 
        "state_to_codes_lower": {
            "path": "states_to_codes_lower.json"
        }
    }, 
    "sources": [], 
    "configuration": {
        "sandpaper_full_url": "http://sandpaper:9876", 
        "sandpaper_sample_url": "http://sandpaper:9876", 
        "digapp_sample_url": "http://localhost:8090", 
        "digapp_full_url": "http://localhost:8090"
    }
}